# code;supercategories;catalogversion
1812;JANELA_9000_10500:centralArProductCatalog:Staged,JANELA_SPRINGER_MIDEA:centralArProductCatalog:Staged;centralArProductCatalog:Staged
1812;JANELA_9000_10500:centralArProductCatalog:Online,JANELA_SPRINGER_MIDEA:centralArProductCatalog:Online;centralArProductCatalog:Online
1966;JANELA_7000_8500:centralArProductCatalog:Staged,JANELA_SPRINGER_MIDEA:centralArProductCatalog:Staged;centralArProductCatalog:Staged
1966;JANELA_7000_8500:centralArProductCatalog:Online,JANELA_SPRINGER_MIDEA:centralArProductCatalog:Online;centralArProductCatalog:Online
1968;JANELA_11000_12000:centralArProductCatalog:Staged,JANELA_SPRINGER_MIDEA:centralArProductCatalog:Staged;centralArProductCatalog:Staged
1968;JANELA_11000_12000:centralArProductCatalog:Online,JANELA_SPRINGER_MIDEA:centralArProductCatalog:Online;centralArProductCatalog:Online
2316;JANELA_7000_8500:centralArProductCatalog:Staged,JANELA_CONSUL:centralArProductCatalog:Staged;centralArProductCatalog:Staged
2316;JANELA_7000_8500:centralArProductCatalog:Online,JANELA_CONSUL:centralArProductCatalog:Online;centralArProductCatalog:Online
2318;JANELA_7000_8500:centralArProductCatalog:Staged,JANELA_CONSUL:centralArProductCatalog:Staged;centralArProductCatalog:Staged
2318;JANELA_7000_8500:centralArProductCatalog:Online,JANELA_CONSUL:centralArProductCatalog:Online;centralArProductCatalog:Online
2320;JANELA_9000_10500:centralArProductCatalog:Staged,JANELA_CONSUL:centralArProductCatalog:Staged;centralArProductCatalog:Staged
2320;JANELA_9000_10500:centralArProductCatalog:Online,JANELA_CONSUL:centralArProductCatalog:Online;centralArProductCatalog:Online
2328;JANELA_11000_12000:centralArProductCatalog:Staged,JANELA_CONSUL:centralArProductCatalog:Staged;centralArProductCatalog:Staged
2328;JANELA_11000_12000:centralArProductCatalog:Online,JANELA_CONSUL:centralArProductCatalog:Online;centralArProductCatalog:Online
2329;JANELA_9000_10500:centralArProductCatalog:Staged,JANELA_CONSUL:centralArProductCatalog:Staged;centralArProductCatalog:Staged
2329;JANELA_9000_10500:centralArProductCatalog:Online,JANELA_CONSUL:centralArProductCatalog:Online;centralArProductCatalog:Online
2442;PORTATIL_11000_12000:centralArProductCatalog:Staged,PORTATIL_AGRATTO:centralArProductCatalog:Staged;centralArProductCatalog:Staged
2442;PORTATIL_11000_12000:centralArProductCatalog:Online,PORTATIL_AGRATTO:centralArProductCatalog:Online;centralArProductCatalog:Online
248;JANELA_11000_12000:centralArProductCatalog:Staged,JANELA_CONSUL:centralArProductCatalog:Staged;centralArProductCatalog:Staged
248;JANELA_11000_12000:centralArProductCatalog:Online,JANELA_CONSUL:centralArProductCatalog:Online;centralArProductCatalog:Online
1719;CORTINA_DE_AR_90CM:centralArProductCatalog:Staged,CORTINA_DE_AR_SPRINGER:centralArProductCatalog:Staged;centralArProductCatalog:Staged
1719;CORTINA_DE_AR_90CM:centralArProductCatalog:Online,CORTINA_DE_AR_SPRINGER:centralArProductCatalog:Online;centralArProductCatalog:Online
1720;CORTINA_DE_AR_90CM:centralArProductCatalog:Staged,CORTINA_DE_AR_SPRINGER:centralArProductCatalog:Staged;centralArProductCatalog:Staged
1720;CORTINA_DE_AR_90CM:centralArProductCatalog:Online,CORTINA_DE_AR_SPRINGER:centralArProductCatalog:Online;centralArProductCatalog:Online
1721;CORTINA_DE_AR_90CM:centralArProductCatalog:Staged,CORTINA_DE_AR_SPRINGER:centralArProductCatalog:Staged;centralArProductCatalog:Staged
1721;CORTINA_DE_AR_90CM:centralArProductCatalog:Online,CORTINA_DE_AR_SPRINGER:centralArProductCatalog:Online;centralArProductCatalog:Online
1801;SPLIT_9000_10500:centralArProductCatalog:Staged,SPLIT_SPRINGER_MIDEA:centralArProductCatalog:Staged;centralArProductCatalog:Staged
1801;SPLIT_9000_10500:centralArProductCatalog:Online,SPLIT_SPRINGER_MIDEA:centralArProductCatalog:Online;centralArProductCatalog:Online
1802;SPLIT_9000_10500:centralArProductCatalog:Staged,SPLIT_SPRINGER_MIDEA:centralArProductCatalog:Staged;centralArProductCatalog:Staged
1802;SPLIT_9000_10500:centralArProductCatalog:Online,SPLIT_SPRINGER_MIDEA:centralArProductCatalog:Online;centralArProductCatalog:Online
1804;SPLIT_11000_12000:centralArProductCatalog:Staged,SPLIT_SPRINGER_MIDEA:centralArProductCatalog:Staged;centralArProductCatalog:Staged
1804;SPLIT_11000_12000:centralArProductCatalog:Online,SPLIT_SPRINGER_MIDEA:centralArProductCatalog:Online;centralArProductCatalog:Online
1806;SPLIT_17000_18000:centralArProductCatalog:Staged,SPLIT_SPRINGER_MIDEA:centralArProductCatalog:Staged;centralArProductCatalog:Staged
1806;SPLIT_17000_18000:centralArProductCatalog:Online,SPLIT_SPRINGER_MIDEA:centralArProductCatalog:Online;centralArProductCatalog:Online
1807;SPLIT_22000_24000:centralArProductCatalog:Staged,SPLIT_SPRINGER_MIDEA:centralArProductCatalog:Staged;centralArProductCatalog:Staged
1807;SPLIT_22000_24000:centralArProductCatalog:Online,SPLIT_SPRINGER_MIDEA:centralArProductCatalog:Online;centralArProductCatalog:Online
1808;SPLIT_22000_24000:centralArProductCatalog:Staged,SPLIT_SPRINGER_MIDEA:centralArProductCatalog:Staged;centralArProductCatalog:Staged
1808;SPLIT_22000_24000:centralArProductCatalog:Online,SPLIT_SPRINGER_MIDEA:centralArProductCatalog:Online;centralArProductCatalog:Online
1809;SPLIT_27000_32000:centralArProductCatalog:Staged,SPLIT_SPRINGER_MIDEA:centralArProductCatalog:Staged;centralArProductCatalog:Staged
1809;SPLIT_27000_32000:centralArProductCatalog:Online,SPLIT_SPRINGER_MIDEA:centralArProductCatalog:Online;centralArProductCatalog:Online
1810;SPLIT_27000_32000:centralArProductCatalog:Staged,SPLIT_SPRINGER_MIDEA:centralArProductCatalog:Staged;centralArProductCatalog:Staged
1810;SPLIT_27000_32000:centralArProductCatalog:Online,SPLIT_SPRINGER_MIDEA:centralArProductCatalog:Online;centralArProductCatalog:Online
1811;JANELA_7000_8500:centralArProductCatalog:Staged,JANELA_SPRINGER_MIDEA:centralArProductCatalog:Staged;centralArProductCatalog:Staged
1811;JANELA_7000_8500:centralArProductCatalog:Online,JANELA_SPRINGER_MIDEA:centralArProductCatalog:Online;centralArProductCatalog:Online
1813;JANELA_11000_12000:centralArProductCatalog:Staged,JANELA_SPRINGER_MIDEA:centralArProductCatalog:Staged;centralArProductCatalog:Staged
1813;JANELA_11000_12000:centralArProductCatalog:Online,JANELA_SPRINGER_MIDEA:centralArProductCatalog:Online;centralArProductCatalog:Online
1816;JANELA_9000_10500:centralArProductCatalog:Staged,JANELA_SPRINGER_MIDEA:centralArProductCatalog:Staged;centralArProductCatalog:Staged
1816;JANELA_9000_10500:centralArProductCatalog:Online,JANELA_SPRINGER_MIDEA:centralArProductCatalog:Online;centralArProductCatalog:Online
1819;INVERTER_11000_12000:centralArProductCatalog:Staged,INVERTER_FUJITSU:centralArProductCatalog:Staged;centralArProductCatalog:Staged
1819;INVERTER_11000_12000:centralArProductCatalog:Online,INVERTER_FUJITSU:centralArProductCatalog:Online;centralArProductCatalog:Online
1820;INVERTER_9000_10500:centralArProductCatalog:Staged,INVERTER_FUJITSU:centralArProductCatalog:Staged;centralArProductCatalog:Staged
1820;INVERTER_9000_10500:centralArProductCatalog:Online,INVERTER_FUJITSU:centralArProductCatalog:Online;centralArProductCatalog:Online
1841;PISO_TETO_17000_18000:centralArProductCatalog:Staged,PISO_TETO_FUJITSU:centralArProductCatalog:Staged;centralArProductCatalog:Staged
1841;PISO_TETO_17000_18000:centralArProductCatalog:Online,PISO_TETO_FUJITSU:centralArProductCatalog:Online;centralArProductCatalog:Online
1842;PISO_TETO_22000_24000:centralArProductCatalog:Staged,PISO_TETO_FUJITSU:centralArProductCatalog:Staged;centralArProductCatalog:Staged
1842;PISO_TETO_22000_24000:centralArProductCatalog:Online,PISO_TETO_FUJITSU:centralArProductCatalog:Online;centralArProductCatalog:Online
1843;PISO_TETO_27000_32000:centralArProductCatalog:Staged,PISO_TETO_FUJITSU:centralArProductCatalog:Staged;centralArProductCatalog:Staged
1843;PISO_TETO_27000_32000:centralArProductCatalog:Online,PISO_TETO_FUJITSU:centralArProductCatalog:Online;centralArProductCatalog:Online
1847;CASSETE_17000_18000:centralArProductCatalog:Staged,CASSETE_FUJITSU:centralArProductCatalog:Staged;centralArProductCatalog:Staged
1847;CASSETE_17000_18000:centralArProductCatalog:Online,CASSETE_FUJITSU:centralArProductCatalog:Online;centralArProductCatalog:Online
1849;CASSETE_27000_32000:centralArProductCatalog:Staged,CASSETE_FUJITSU:centralArProductCatalog:Staged;centralArProductCatalog:Staged
1849;CASSETE_27000_32000:centralArProductCatalog:Online,CASSETE_FUJITSU:centralArProductCatalog:Online;centralArProductCatalog:Online
1867;INVERTER_17000_18000:centralArProductCatalog:Staged,INVERTER_SPRINGER_MIDEA:centralArProductCatalog:Staged;centralArProductCatalog:Staged
1867;INVERTER_17000_18000:centralArProductCatalog:Online,INVERTER_SPRINGER_MIDEA:centralArProductCatalog:Online;centralArProductCatalog:Online
1868;INVERTER_11000_12000:centralArProductCatalog:Staged,INVERTER_SPRINGER_MIDEA:centralArProductCatalog:Staged;centralArProductCatalog:Staged
1868;INVERTER_11000_12000:centralArProductCatalog:Online,INVERTER_SPRINGER_MIDEA:centralArProductCatalog:Online;centralArProductCatalog:Online
1886;INVERTER_22000_24000:centralArProductCatalog:Staged,INVERTER_SAMSUNG:centralArProductCatalog:Staged;centralArProductCatalog:Staged
1886;INVERTER_22000_24000:centralArProductCatalog:Online,INVERTER_SAMSUNG:centralArProductCatalog:Online;centralArProductCatalog:Online
1890;INVERTER_22000_24000:centralArProductCatalog:Staged,INVERTER_SPRINGER_MIDEA:centralArProductCatalog:Staged;centralArProductCatalog:Staged
1890;INVERTER_22000_24000:centralArProductCatalog:Online,INVERTER_SPRINGER_MIDEA:centralArProductCatalog:Online;centralArProductCatalog:Online
1900;PISO_TETO_33000_36000:centralArProductCatalog:Staged,PISO_TETO_CARRIER:centralArProductCatalog:Staged;centralArProductCatalog:Staged
1900;PISO_TETO_33000_36000:centralArProductCatalog:Online,PISO_TETO_CARRIER:centralArProductCatalog:Online;centralArProductCatalog:Online
1916;PISO_TETO_33000_36000:centralArProductCatalog:Staged,PISO_TETO_CARRIER:centralArProductCatalog:Staged;centralArProductCatalog:Staged
1916;PISO_TETO_33000_36000:centralArProductCatalog:Online,PISO_TETO_CARRIER:centralArProductCatalog:Online;centralArProductCatalog:Online
1934;INVERTER_22000_24000:centralArProductCatalog:Staged,INVERTER_SPRINGER_MIDEA:centralArProductCatalog:Staged;centralArProductCatalog:Staged
1934;INVERTER_22000_24000:centralArProductCatalog:Online,INVERTER_SPRINGER_MIDEA:centralArProductCatalog:Online;centralArProductCatalog:Online
1969;INVERTER_17000_18000:centralArProductCatalog:Staged,INVERTER_SPRINGER_MIDEA:centralArProductCatalog:Staged;centralArProductCatalog:Staged
1969;INVERTER_17000_18000:centralArProductCatalog:Online,INVERTER_SPRINGER_MIDEA:centralArProductCatalog:Online;centralArProductCatalog:Online
1972;CASSETE_47000_50000:centralArProductCatalog:Staged,CASSETE_CARRIER:centralArProductCatalog:Staged;centralArProductCatalog:Staged
1972;CASSETE_47000_50000:centralArProductCatalog:Online,CASSETE_CARRIER:centralArProductCatalog:Online;centralArProductCatalog:Online
2000;INVERTER_27000_32000:centralArProductCatalog:Staged,INVERTER_FUJITSU:centralArProductCatalog:Staged;centralArProductCatalog:Staged
2000;INVERTER_27000_32000:centralArProductCatalog:Online,INVERTER_FUJITSU:centralArProductCatalog:Online;centralArProductCatalog:Online
2001;INVERTER_27000_32000:centralArProductCatalog:Staged,INVERTER_FUJITSU:centralArProductCatalog:Staged;centralArProductCatalog:Staged
2001;INVERTER_27000_32000:centralArProductCatalog:Online,INVERTER_FUJITSU:centralArProductCatalog:Online;centralArProductCatalog:Online
2020;INVERTER_17000_18000:centralArProductCatalog:Staged,INVERTER_SAMSUNG:centralArProductCatalog:Staged;centralArProductCatalog:Staged
2020;INVERTER_17000_18000:centralArProductCatalog:Online,INVERTER_SAMSUNG:centralArProductCatalog:Online;centralArProductCatalog:Online
2021;SPLIT_9000_10500:centralArProductCatalog:Staged,SPLIT_RINETTO:centralArProductCatalog:Staged;centralArProductCatalog:Staged
2021;SPLIT_9000_10500:centralArProductCatalog:Online,SPLIT_RINETTO:centralArProductCatalog:Online;centralArProductCatalog:Online
2022;SPLIT_9000_10500:centralArProductCatalog:Staged,SPLIT_RINETTO:centralArProductCatalog:Staged;centralArProductCatalog:Staged
2022;SPLIT_9000_10500:centralArProductCatalog:Online,SPLIT_RINETTO:centralArProductCatalog:Online;centralArProductCatalog:Online
2028;SPLIT_22000_24000:centralArProductCatalog:Staged,SPLIT_RINETTO:centralArProductCatalog:Staged;centralArProductCatalog:Staged
2028;SPLIT_22000_24000:centralArProductCatalog:Online,SPLIT_RINETTO:centralArProductCatalog:Online;centralArProductCatalog:Online
2043;INVERTER_9000_10500:centralArProductCatalog:Staged,INVERTER_SAMSUNG:centralArProductCatalog:Staged;centralArProductCatalog:Staged
2043;INVERTER_9000_10500:centralArProductCatalog:Online,INVERTER_SAMSUNG:centralArProductCatalog:Online;centralArProductCatalog:Online
2045;INVERTER_11000_12000:centralArProductCatalog:Staged,INVERTER_SAMSUNG:centralArProductCatalog:Staged;centralArProductCatalog:Staged
2045;INVERTER_11000_12000:centralArProductCatalog:Online,INVERTER_SAMSUNG:centralArProductCatalog:Online;centralArProductCatalog:Online
2063;INVERTER_9000_10500:centralArProductCatalog:Staged,INVERTER_SAMSUNG:centralArProductCatalog:Staged;centralArProductCatalog:Staged
2063;INVERTER_9000_10500:centralArProductCatalog:Online,INVERTER_SAMSUNG:centralArProductCatalog:Online;centralArProductCatalog:Online
2064;INVERTER_22000_24000:centralArProductCatalog:Staged,INVERTER_FUJITSU:centralArProductCatalog:Staged;centralArProductCatalog:Staged
2064;INVERTER_22000_24000:centralArProductCatalog:Online,INVERTER_FUJITSU:centralArProductCatalog:Online;centralArProductCatalog:Online
2096;INVERTER_11000_12000:centralArProductCatalog:Staged,INVERTER_SPRINGER_MIDEA:centralArProductCatalog:Staged;centralArProductCatalog:Staged
2096;INVERTER_11000_12000:centralArProductCatalog:Online,INVERTER_SPRINGER_MIDEA:centralArProductCatalog:Online;centralArProductCatalog:Online
2097;INVERTER_9000_10500:centralArProductCatalog:Staged,INVERTER_SPRINGER_MIDEA:centralArProductCatalog:Staged;centralArProductCatalog:Staged
2097;INVERTER_9000_10500:centralArProductCatalog:Online,INVERTER_SPRINGER_MIDEA:centralArProductCatalog:Online;centralArProductCatalog:Online
2110;INVERTER_17000_18000:centralArProductCatalog:Staged,INVERTER_FUJITSU:centralArProductCatalog:Staged;centralArProductCatalog:Staged
2110;INVERTER_17000_18000:centralArProductCatalog:Online,INVERTER_FUJITSU:centralArProductCatalog:Online;centralArProductCatalog:Online
2111;INVERTER_22000_24000:centralArProductCatalog:Staged,INVERTER_FUJITSU:centralArProductCatalog:Staged;centralArProductCatalog:Staged
2111;INVERTER_22000_24000:centralArProductCatalog:Online,INVERTER_FUJITSU:centralArProductCatalog:Online;centralArProductCatalog:Online
2127;INVERTER_11000_12000:centralArProductCatalog:Staged,INVERTER_LG:centralArProductCatalog:Staged;centralArProductCatalog:Staged
2127;INVERTER_11000_12000:centralArProductCatalog:Online,INVERTER_LG:centralArProductCatalog:Online;centralArProductCatalog:Online
2128;INVERTER_17000_18000:centralArProductCatalog:Staged,INVERTER_LG:centralArProductCatalog:Staged;centralArProductCatalog:Staged
2128;INVERTER_17000_18000:centralArProductCatalog:Online,INVERTER_LG:centralArProductCatalog:Online;centralArProductCatalog:Online
2129;INVERTER_22000_24000:centralArProductCatalog:Staged,INVERTER_LG:centralArProductCatalog:Staged;centralArProductCatalog:Staged
2129;INVERTER_22000_24000:centralArProductCatalog:Online,INVERTER_LG:centralArProductCatalog:Online;centralArProductCatalog:Online
2144;INVERTER_11000_12000:centralArProductCatalog:Staged,INVERTER_SAMSUNG:centralArProductCatalog:Staged;centralArProductCatalog:Staged
2144;INVERTER_11000_12000:centralArProductCatalog:Online,INVERTER_SAMSUNG:centralArProductCatalog:Online;centralArProductCatalog:Online
2145;INVERTER_17000_18000:centralArProductCatalog:Staged,INVERTER_CONSUL:centralArProductCatalog:Staged;centralArProductCatalog:Staged
2145;INVERTER_17000_18000:centralArProductCatalog:Online,INVERTER_CONSUL:centralArProductCatalog:Online;centralArProductCatalog:Online
2146;INVERTER_11000_12000:centralArProductCatalog:Staged,INVERTER_CONSUL:centralArProductCatalog:Staged;centralArProductCatalog:Staged
2146;INVERTER_11000_12000:centralArProductCatalog:Online,INVERTER_CONSUL:centralArProductCatalog:Online;centralArProductCatalog:Online
2152;SPLIT_17000_18000:centralArProductCatalog:Staged,SPLIT_CONSUL:centralArProductCatalog:Staged;centralArProductCatalog:Staged
2152;SPLIT_17000_18000:centralArProductCatalog:Online,SPLIT_CONSUL:centralArProductCatalog:Online;centralArProductCatalog:Online
2153;SPLIT_11000_12000:centralArProductCatalog:Staged,SPLIT_CONSUL:centralArProductCatalog:Staged;centralArProductCatalog:Staged
2153;SPLIT_11000_12000:centralArProductCatalog:Online,SPLIT_CONSUL:centralArProductCatalog:Online;centralArProductCatalog:Online
2154;SPLIT_9000_10500:centralArProductCatalog:Staged,SPLIT_CONSUL:centralArProductCatalog:Staged;centralArProductCatalog:Staged
2154;SPLIT_9000_10500:centralArProductCatalog:Online,SPLIT_CONSUL:centralArProductCatalog:Online;centralArProductCatalog:Online
2155;SPLIT_22000_24000:centralArProductCatalog:Staged,SPLIT_CONSUL:centralArProductCatalog:Staged;centralArProductCatalog:Staged
2155;SPLIT_22000_24000:centralArProductCatalog:Online,SPLIT_CONSUL:centralArProductCatalog:Online;centralArProductCatalog:Online
2156;SPLIT_17000_18000:centralArProductCatalog:Staged,SPLIT_CONSUL:centralArProductCatalog:Staged;centralArProductCatalog:Staged
2156;SPLIT_17000_18000:centralArProductCatalog:Online,SPLIT_CONSUL:centralArProductCatalog:Online;centralArProductCatalog:Online
2157;SPLIT_11000_12000:centralArProductCatalog:Staged,SPLIT_CONSUL:centralArProductCatalog:Staged;centralArProductCatalog:Staged
2157;SPLIT_11000_12000:centralArProductCatalog:Online,SPLIT_CONSUL:centralArProductCatalog:Online;centralArProductCatalog:Online
2158;SPLIT_9000_10500:centralArProductCatalog:Staged,SPLIT_CONSUL:centralArProductCatalog:Staged;centralArProductCatalog:Staged
2158;SPLIT_9000_10500:centralArProductCatalog:Online,SPLIT_CONSUL:centralArProductCatalog:Online;centralArProductCatalog:Online
2159;INVERTER_22000_24000:centralArProductCatalog:Staged,INVERTER_CONSUL:centralArProductCatalog:Staged;centralArProductCatalog:Staged
2159;INVERTER_22000_24000:centralArProductCatalog:Online,INVERTER_CONSUL:centralArProductCatalog:Online;centralArProductCatalog:Online
2161;INVERTER_9000_10500:centralArProductCatalog:Staged,INVERTER_CONSUL:centralArProductCatalog:Staged;centralArProductCatalog:Staged
2161;INVERTER_9000_10500:centralArProductCatalog:Online,INVERTER_CONSUL:centralArProductCatalog:Online;centralArProductCatalog:Online
2162;INVERTER_9000_10500:centralArProductCatalog:Staged,INVERTER_CONSUL:centralArProductCatalog:Staged;centralArProductCatalog:Staged
2162;INVERTER_9000_10500:centralArProductCatalog:Online,INVERTER_CONSUL:centralArProductCatalog:Online;centralArProductCatalog:Online
2163;INVERTER_11000_12000:centralArProductCatalog:Staged,INVERTER_CONSUL:centralArProductCatalog:Staged;centralArProductCatalog:Staged
2163;INVERTER_11000_12000:centralArProductCatalog:Online,INVERTER_CONSUL:centralArProductCatalog:Online;centralArProductCatalog:Online
2164;INVERTER_17000_18000:centralArProductCatalog:Staged,INVERTER_CONSUL:centralArProductCatalog:Staged;centralArProductCatalog:Staged
2164;INVERTER_17000_18000:centralArProductCatalog:Online,INVERTER_CONSUL:centralArProductCatalog:Online;centralArProductCatalog:Online
2165;INVERTER_22000_24000:centralArProductCatalog:Staged,INVERTER_CONSUL:centralArProductCatalog:Staged;centralArProductCatalog:Staged
2165;INVERTER_22000_24000:centralArProductCatalog:Online,INVERTER_CONSUL:centralArProductCatalog:Online;centralArProductCatalog:Online
2166;SPLIT_22000_24000:centralArProductCatalog:Staged,SPLIT_CONSUL:centralArProductCatalog:Staged;centralArProductCatalog:Staged
2166;SPLIT_22000_24000:centralArProductCatalog:Online,SPLIT_CONSUL:centralArProductCatalog:Online;centralArProductCatalog:Online
2168;SPLIT_11000_12000:centralArProductCatalog:Staged,SPLIT_AGRATTO:centralArProductCatalog:Staged;centralArProductCatalog:Staged
2168;SPLIT_11000_12000:centralArProductCatalog:Online,SPLIT_AGRATTO:centralArProductCatalog:Online;centralArProductCatalog:Online
2173;INVERTER_9000_10500:centralArProductCatalog:Staged,INVERTER_DAIKIN:centralArProductCatalog:Staged;centralArProductCatalog:Staged
2173;INVERTER_9000_10500:centralArProductCatalog:Online,INVERTER_DAIKIN:centralArProductCatalog:Online;centralArProductCatalog:Online
2174;INVERTER_11000_12000:centralArProductCatalog:Staged,INVERTER_DAIKIN:centralArProductCatalog:Staged;centralArProductCatalog:Staged
2174;INVERTER_11000_12000:centralArProductCatalog:Online,INVERTER_DAIKIN:centralArProductCatalog:Online;centralArProductCatalog:Online
2176;INVERTER_22000_24000:centralArProductCatalog:Staged,INVERTER_DAIKIN:centralArProductCatalog:Staged;centralArProductCatalog:Staged
2176;INVERTER_22000_24000:centralArProductCatalog:Online,INVERTER_DAIKIN:centralArProductCatalog:Online;centralArProductCatalog:Online
2191;INVERTER_17000_18000:centralArProductCatalog:Staged,INVERTER_FUJITSU:centralArProductCatalog:Staged;centralArProductCatalog:Staged
2191;INVERTER_17000_18000:centralArProductCatalog:Online,INVERTER_FUJITSU:centralArProductCatalog:Online;centralArProductCatalog:Online
2208;INVERTER_17000_18000:centralArProductCatalog:Staged,INVERTER_SAMSUNG:centralArProductCatalog:Staged;centralArProductCatalog:Staged
2208;INVERTER_17000_18000:centralArProductCatalog:Online,INVERTER_SAMSUNG:centralArProductCatalog:Online;centralArProductCatalog:Online
2210;SPLIT_9000_10500:centralArProductCatalog:Staged,SPLIT_GREE:centralArProductCatalog:Staged;centralArProductCatalog:Staged
2210;SPLIT_9000_10500:centralArProductCatalog:Online,SPLIT_GREE:centralArProductCatalog:Online;centralArProductCatalog:Online
2211;SPLIT_11000_12000:centralArProductCatalog:Staged,SPLIT_GREE:centralArProductCatalog:Staged;centralArProductCatalog:Staged
2211;SPLIT_11000_12000:centralArProductCatalog:Online,SPLIT_GREE:centralArProductCatalog:Online;centralArProductCatalog:Online
2212;SPLIT_17000_18000:centralArProductCatalog:Staged,SPLIT_GREE:centralArProductCatalog:Staged;centralArProductCatalog:Staged
2212;SPLIT_17000_18000:centralArProductCatalog:Online,SPLIT_GREE:centralArProductCatalog:Online;centralArProductCatalog:Online
2213;SPLIT_22000_24000:centralArProductCatalog:Staged,SPLIT_GREE:centralArProductCatalog:Staged;centralArProductCatalog:Staged
2213;SPLIT_22000_24000:centralArProductCatalog:Online,SPLIT_GREE:centralArProductCatalog:Online;centralArProductCatalog:Online
2215;SPLIT_17000_18000:centralArProductCatalog:Staged,SPLIT_GREE:centralArProductCatalog:Staged;centralArProductCatalog:Staged
2215;SPLIT_17000_18000:centralArProductCatalog:Online,SPLIT_GREE:centralArProductCatalog:Online;centralArProductCatalog:Online
2216;SPLIT_22000_24000:centralArProductCatalog:Staged,SPLIT_GREE:centralArProductCatalog:Staged;centralArProductCatalog:Staged
2216;SPLIT_22000_24000:centralArProductCatalog:Online,SPLIT_GREE:centralArProductCatalog:Online;centralArProductCatalog:Online
2221;SPLIT_9000_10500:centralArProductCatalog:Staged,SPLIT_AGRATTO:centralArProductCatalog:Staged;centralArProductCatalog:Staged
2221;SPLIT_9000_10500:centralArProductCatalog:Online,SPLIT_AGRATTO:centralArProductCatalog:Online;centralArProductCatalog:Online
2222;SPLIT_11000_12000:centralArProductCatalog:Staged,SPLIT_AGRATTO:centralArProductCatalog:Staged;centralArProductCatalog:Staged
2222;SPLIT_11000_12000:centralArProductCatalog:Online,SPLIT_AGRATTO:centralArProductCatalog:Online;centralArProductCatalog:Online
2223;SPLIT_17000_18000:centralArProductCatalog:Staged,SPLIT_AGRATTO:centralArProductCatalog:Staged;centralArProductCatalog:Staged
2223;SPLIT_17000_18000:centralArProductCatalog:Online,SPLIT_AGRATTO:centralArProductCatalog:Online;centralArProductCatalog:Online
2224;SPLIT_22000_24000:centralArProductCatalog:Staged,SPLIT_AGRATTO:centralArProductCatalog:Staged;centralArProductCatalog:Staged
2224;SPLIT_22000_24000:centralArProductCatalog:Online,SPLIT_AGRATTO:centralArProductCatalog:Online;centralArProductCatalog:Online
2225;SPLIT_9000_10500:centralArProductCatalog:Staged,SPLIT_AGRATTO:centralArProductCatalog:Staged;centralArProductCatalog:Staged
2225;SPLIT_9000_10500:centralArProductCatalog:Online,SPLIT_AGRATTO:centralArProductCatalog:Online;centralArProductCatalog:Online
2226;SPLIT_11000_12000:centralArProductCatalog:Staged,SPLIT_AGRATTO:centralArProductCatalog:Staged;centralArProductCatalog:Staged
2226;SPLIT_11000_12000:centralArProductCatalog:Online,SPLIT_AGRATTO:centralArProductCatalog:Online;centralArProductCatalog:Online
2227;SPLIT_17000_18000:centralArProductCatalog:Staged,SPLIT_AGRATTO:centralArProductCatalog:Staged;centralArProductCatalog:Staged
2227;SPLIT_17000_18000:centralArProductCatalog:Online,SPLIT_AGRATTO:centralArProductCatalog:Online;centralArProductCatalog:Online
2228;SPLIT_22000_24000:centralArProductCatalog:Staged,SPLIT_AGRATTO:centralArProductCatalog:Staged;centralArProductCatalog:Staged
2228;SPLIT_22000_24000:centralArProductCatalog:Online,SPLIT_AGRATTO:centralArProductCatalog:Online;centralArProductCatalog:Online
2229;INVERTER_17000_18000:centralArProductCatalog:Staged,INVERTER_AGRATTO:centralArProductCatalog:Staged;centralArProductCatalog:Staged
2229;INVERTER_17000_18000:centralArProductCatalog:Online,INVERTER_AGRATTO:centralArProductCatalog:Online;centralArProductCatalog:Online
2232;INVERTER_22000_24000:centralArProductCatalog:Staged,INVERTER_AGRATTO:centralArProductCatalog:Staged;centralArProductCatalog:Staged
2232;INVERTER_22000_24000:centralArProductCatalog:Online,INVERTER_AGRATTO:centralArProductCatalog:Online;centralArProductCatalog:Online
2247;PISO_TETO_52000_60000:centralArProductCatalog:Staged,PISO_TETO_LG:centralArProductCatalog:Staged;centralArProductCatalog:Staged
2247;PISO_TETO_52000_60000:centralArProductCatalog:Online,PISO_TETO_LG:centralArProductCatalog:Online;centralArProductCatalog:Online
2251;PISO_TETO_27000_32000:centralArProductCatalog:Staged,PISO_TETO_LG:centralArProductCatalog:Staged;centralArProductCatalog:Staged
2251;PISO_TETO_27000_32000:centralArProductCatalog:Online,PISO_TETO_LG:centralArProductCatalog:Online;centralArProductCatalog:Online
2252;PISO_TETO_47000_50000:centralArProductCatalog:Staged,PISO_TETO_LG:centralArProductCatalog:Staged;centralArProductCatalog:Staged
2252;PISO_TETO_47000_50000:centralArProductCatalog:Online,PISO_TETO_LG:centralArProductCatalog:Online;centralArProductCatalog:Online
2253;CORTINA_DE_AR_90CM:centralArProductCatalog:Staged,CORTINA_DE_AR_AGRATTO:centralArProductCatalog:Staged;centralArProductCatalog:Staged
2253;CORTINA_DE_AR_90CM:centralArProductCatalog:Online,CORTINA_DE_AR_AGRATTO:centralArProductCatalog:Online;centralArProductCatalog:Online
2254;CORTINA_DE_AR_120CM:centralArProductCatalog:Staged,CORTINA_DE_AR_AGRATTO:centralArProductCatalog:Staged;centralArProductCatalog:Staged
2254;CORTINA_DE_AR_120CM:centralArProductCatalog:Online,CORTINA_DE_AR_AGRATTO:centralArProductCatalog:Online;centralArProductCatalog:Online
2257;INVERTER_9000_10500:centralArProductCatalog:Staged,INVERTER_DAIKIN:centralArProductCatalog:Staged;centralArProductCatalog:Staged
2257;INVERTER_9000_10500:centralArProductCatalog:Online,INVERTER_DAIKIN:centralArProductCatalog:Online;centralArProductCatalog:Online
2258;INVERTER_11000_12000:centralArProductCatalog:Staged,INVERTER_DAIKIN:centralArProductCatalog:Staged;centralArProductCatalog:Staged
2258;INVERTER_11000_12000:centralArProductCatalog:Online,INVERTER_DAIKIN:centralArProductCatalog:Online;centralArProductCatalog:Online
2259;INVERTER_17000_18000:centralArProductCatalog:Staged,INVERTER_DAIKIN:centralArProductCatalog:Staged;centralArProductCatalog:Staged
2259;INVERTER_17000_18000:centralArProductCatalog:Online,INVERTER_DAIKIN:centralArProductCatalog:Online;centralArProductCatalog:Online
2260;INVERTER_22000_24000:centralArProductCatalog:Staged,INVERTER_DAIKIN:centralArProductCatalog:Staged;centralArProductCatalog:Staged
2260;INVERTER_22000_24000:centralArProductCatalog:Online,INVERTER_DAIKIN:centralArProductCatalog:Online;centralArProductCatalog:Online
2261;SPLIT_9000_10500:centralArProductCatalog:Staged,SPLIT_GREE:centralArProductCatalog:Staged;centralArProductCatalog:Staged
2261;SPLIT_9000_10500:centralArProductCatalog:Online,SPLIT_GREE:centralArProductCatalog:Online;centralArProductCatalog:Online
2262;SPLIT_11000_12000:centralArProductCatalog:Staged,SPLIT_GREE:centralArProductCatalog:Staged;centralArProductCatalog:Staged
2262;SPLIT_11000_12000:centralArProductCatalog:Online,SPLIT_GREE:centralArProductCatalog:Online;centralArProductCatalog:Online
2307;INVERTER_9000_10500:centralArProductCatalog:Staged,INVERTER_GREE:centralArProductCatalog:Staged;centralArProductCatalog:Staged
2307;INVERTER_9000_10500:centralArProductCatalog:Online,INVERTER_GREE:centralArProductCatalog:Online;centralArProductCatalog:Online
2308;INVERTER_9000_10500:centralArProductCatalog:Staged,INVERTER_GREE:centralArProductCatalog:Staged;centralArProductCatalog:Staged
2308;INVERTER_9000_10500:centralArProductCatalog:Online,INVERTER_GREE:centralArProductCatalog:Online;centralArProductCatalog:Online
2309;INVERTER_11000_12000:centralArProductCatalog:Staged,INVERTER_GREE:centralArProductCatalog:Staged;centralArProductCatalog:Staged
2309;INVERTER_11000_12000:centralArProductCatalog:Online,INVERTER_GREE:centralArProductCatalog:Online;centralArProductCatalog:Online
2310;INVERTER_11000_12000:centralArProductCatalog:Staged,INVERTER_GREE:centralArProductCatalog:Staged;centralArProductCatalog:Staged
2310;INVERTER_11000_12000:centralArProductCatalog:Online,INVERTER_GREE:centralArProductCatalog:Online;centralArProductCatalog:Online
2311;INVERTER_17000_18000:centralArProductCatalog:Staged,INVERTER_GREE:centralArProductCatalog:Staged;centralArProductCatalog:Staged
2311;INVERTER_17000_18000:centralArProductCatalog:Online,INVERTER_GREE:centralArProductCatalog:Online;centralArProductCatalog:Online
2312;INVERTER_17000_18000:centralArProductCatalog:Staged,INVERTER_GREE:centralArProductCatalog:Staged;centralArProductCatalog:Staged
2312;INVERTER_17000_18000:centralArProductCatalog:Online,INVERTER_GREE:centralArProductCatalog:Online;centralArProductCatalog:Online
2313;INVERTER_22000_24000:centralArProductCatalog:Staged,INVERTER_GREE:centralArProductCatalog:Staged;centralArProductCatalog:Staged
2313;INVERTER_22000_24000:centralArProductCatalog:Online,INVERTER_GREE:centralArProductCatalog:Online;centralArProductCatalog:Online
2314;INVERTER_22000_24000:centralArProductCatalog:Staged,INVERTER_GREE:centralArProductCatalog:Staged;centralArProductCatalog:Staged
2314;INVERTER_22000_24000:centralArProductCatalog:Online,INVERTER_GREE:centralArProductCatalog:Online;centralArProductCatalog:Online
2315;INVERTER_27000_32000:centralArProductCatalog:Staged,INVERTER_DAIKIN:centralArProductCatalog:Staged;centralArProductCatalog:Staged
2315;INVERTER_27000_32000:centralArProductCatalog:Online,INVERTER_DAIKIN:centralArProductCatalog:Online;centralArProductCatalog:Online
2317;JANELA_7000_8500:centralArProductCatalog:Staged,JANELA_CONSUL:centralArProductCatalog:Staged;centralArProductCatalog:Staged
2317;JANELA_7000_8500:centralArProductCatalog:Online,JANELA_CONSUL:centralArProductCatalog:Online;centralArProductCatalog:Online
2319;JANELA_7000_8500:centralArProductCatalog:Staged,JANELA_CONSUL:centralArProductCatalog:Staged;centralArProductCatalog:Staged
2319;JANELA_7000_8500:centralArProductCatalog:Online,JANELA_CONSUL:centralArProductCatalog:Online;centralArProductCatalog:Online
2321;JANELA_9000_10500:centralArProductCatalog:Staged,JANELA_CONSUL:centralArProductCatalog:Staged;centralArProductCatalog:Staged
2321;JANELA_9000_10500:centralArProductCatalog:Online,JANELA_CONSUL:centralArProductCatalog:Online;centralArProductCatalog:Online
2326;INVERTER_27000_32000:centralArProductCatalog:Staged,INVERTER_SPRINGER_MIDEA:centralArProductCatalog:Staged;centralArProductCatalog:Staged
2326;INVERTER_27000_32000:centralArProductCatalog:Online,INVERTER_SPRINGER_MIDEA:centralArProductCatalog:Online;centralArProductCatalog:Online
2330;JANELA_9000_10500:centralArProductCatalog:Staged,JANELA_CONSUL:centralArProductCatalog:Staged;centralArProductCatalog:Staged
2330;JANELA_9000_10500:centralArProductCatalog:Online,JANELA_CONSUL:centralArProductCatalog:Online;centralArProductCatalog:Online
2331;JANELA_11000_12000:centralArProductCatalog:Staged,JANELA_CONSUL:centralArProductCatalog:Staged;centralArProductCatalog:Staged
2331;JANELA_11000_12000:centralArProductCatalog:Online,JANELA_CONSUL:centralArProductCatalog:Online;centralArProductCatalog:Online
2332;JANELA_17000_18000:centralArProductCatalog:Staged,JANELA_CONSUL:centralArProductCatalog:Staged;centralArProductCatalog:Staged
2332;JANELA_17000_18000:centralArProductCatalog:Online,JANELA_CONSUL:centralArProductCatalog:Online;centralArProductCatalog:Online
2334;SPLIT_27000_32000:centralArProductCatalog:Staged,SPLIT_GREE:centralArProductCatalog:Staged;centralArProductCatalog:Staged
2334;SPLIT_27000_32000:centralArProductCatalog:Online,SPLIT_GREE:centralArProductCatalog:Online;centralArProductCatalog:Online
2337;INVERTER_9000_10500:centralArProductCatalog:Staged,INVERTER_FUJITSU:centralArProductCatalog:Staged;centralArProductCatalog:Staged
2337;INVERTER_9000_10500:centralArProductCatalog:Online,INVERTER_FUJITSU:centralArProductCatalog:Online;centralArProductCatalog:Online
2348;SPLIT_11000_12000:centralArProductCatalog:Staged,SPLIT_SPRINGER_MIDEA:centralArProductCatalog:Staged;centralArProductCatalog:Staged
2348;SPLIT_11000_12000:centralArProductCatalog:Online,SPLIT_SPRINGER_MIDEA:centralArProductCatalog:Online;centralArProductCatalog:Online
2356;PISO_TETO_17000_18000:centralArProductCatalog:Staged,PISO_TETO_TRANE:centralArProductCatalog:Staged;centralArProductCatalog:Staged
2356;PISO_TETO_17000_18000:centralArProductCatalog:Online,PISO_TETO_TRANE:centralArProductCatalog:Online;centralArProductCatalog:Online
2381;SPLIT_17000_18000:centralArProductCatalog:Staged,SPLIT_SPRINGER_MIDEA:centralArProductCatalog:Staged;centralArProductCatalog:Staged
2381;SPLIT_17000_18000:centralArProductCatalog:Online,SPLIT_SPRINGER_MIDEA:centralArProductCatalog:Online;centralArProductCatalog:Online
2388;INVERTER_9000_10500:centralArProductCatalog:Staged,INVERTER_LG:centralArProductCatalog:Staged;centralArProductCatalog:Staged
2388;INVERTER_9000_10500:centralArProductCatalog:Online,INVERTER_LG:centralArProductCatalog:Online;centralArProductCatalog:Online
2389;INVERTER_11000_12000:centralArProductCatalog:Staged,INVERTER_LG:centralArProductCatalog:Staged;centralArProductCatalog:Staged
2389;INVERTER_11000_12000:centralArProductCatalog:Online,INVERTER_LG:centralArProductCatalog:Online;centralArProductCatalog:Online
2390;INVERTER_17000_18000:centralArProductCatalog:Staged,INVERTER_LG:centralArProductCatalog:Staged;centralArProductCatalog:Staged
2390;INVERTER_17000_18000:centralArProductCatalog:Online,INVERTER_LG:centralArProductCatalog:Online;centralArProductCatalog:Online
2391;INVERTER_22000_24000:centralArProductCatalog:Staged,INVERTER_LG:centralArProductCatalog:Staged;centralArProductCatalog:Staged
2391;INVERTER_22000_24000:centralArProductCatalog:Online,INVERTER_LG:centralArProductCatalog:Online;centralArProductCatalog:Online
2392;INVERTER_9000_10500:centralArProductCatalog:Staged,INVERTER_LG:centralArProductCatalog:Staged;centralArProductCatalog:Staged
2392;INVERTER_9000_10500:centralArProductCatalog:Online,INVERTER_LG:centralArProductCatalog:Online;centralArProductCatalog:Online
2393;INVERTER_11000_12000:centralArProductCatalog:Staged,INVERTER_LG:centralArProductCatalog:Staged;centralArProductCatalog:Staged
2393;INVERTER_11000_12000:centralArProductCatalog:Online,INVERTER_LG:centralArProductCatalog:Online;centralArProductCatalog:Online
2394;INVERTER_17000_18000:centralArProductCatalog:Staged,INVERTER_LG:centralArProductCatalog:Staged;centralArProductCatalog:Staged
2394;INVERTER_17000_18000:centralArProductCatalog:Online,INVERTER_LG:centralArProductCatalog:Online;centralArProductCatalog:Online
2395;INVERTER_22000_24000:centralArProductCatalog:Staged,INVERTER_LG:centralArProductCatalog:Staged;centralArProductCatalog:Staged
2395;INVERTER_22000_24000:centralArProductCatalog:Online,INVERTER_LG:centralArProductCatalog:Online;centralArProductCatalog:Online
2396;INVERTER_27000_32000:centralArProductCatalog:Staged,INVERTER_LG:centralArProductCatalog:Staged;centralArProductCatalog:Staged
2396;INVERTER_27000_32000:centralArProductCatalog:Online,INVERTER_LG:centralArProductCatalog:Online;centralArProductCatalog:Online
2397;CORTINA_DE_AR_150CM:centralArProductCatalog:Staged,CORTINA_DE_AR_AGRATTO:centralArProductCatalog:Staged;centralArProductCatalog:Staged
2397;CORTINA_DE_AR_150CM:centralArProductCatalog:Online,CORTINA_DE_AR_AGRATTO:centralArProductCatalog:Online;centralArProductCatalog:Online
2398;INVERTER_9000_10500:centralArProductCatalog:Staged,INVERTER_AGRATTO:centralArProductCatalog:Staged;centralArProductCatalog:Staged
2398;INVERTER_9000_10500:centralArProductCatalog:Online,INVERTER_AGRATTO:centralArProductCatalog:Online;centralArProductCatalog:Online
2415;PISO_TETO_27000_32000:centralArProductCatalog:Staged,PISO_TETO_CARRIER:centralArProductCatalog:Staged;centralArProductCatalog:Staged
2415;PISO_TETO_27000_32000:centralArProductCatalog:Online,PISO_TETO_CARRIER:centralArProductCatalog:Online;centralArProductCatalog:Online
2433;INVERTER_9000_10500:centralArProductCatalog:Staged,INVERTER_TRANE:centralArProductCatalog:Staged;centralArProductCatalog:Staged
2433;INVERTER_9000_10500:centralArProductCatalog:Online,INVERTER_TRANE:centralArProductCatalog:Online;centralArProductCatalog:Online
2435;INVERTER_17000_18000:centralArProductCatalog:Staged,INVERTER_TRANE:centralArProductCatalog:Staged;centralArProductCatalog:Staged
2435;INVERTER_17000_18000:centralArProductCatalog:Online,INVERTER_TRANE:centralArProductCatalog:Online;centralArProductCatalog:Online
2436;INVERTER_22000_24000:centralArProductCatalog:Staged,INVERTER_TRANE:centralArProductCatalog:Staged;centralArProductCatalog:Staged
2436;INVERTER_22000_24000:centralArProductCatalog:Online,INVERTER_TRANE:centralArProductCatalog:Online;centralArProductCatalog:Online
2443;PORTATIL_11000_12000:centralArProductCatalog:Staged,PORTATIL_AGRATTO:centralArProductCatalog:Staged;centralArProductCatalog:Staged
2443;PORTATIL_11000_12000:centralArProductCatalog:Online,PORTATIL_AGRATTO:centralArProductCatalog:Online;centralArProductCatalog:Online
2448;CASSETE_52000_60000:centralArProductCatalog:Staged,CASSETE_TRANE:centralArProductCatalog:Staged;centralArProductCatalog:Staged
2448;CASSETE_52000_60000:centralArProductCatalog:Online,CASSETE_TRANE:centralArProductCatalog:Online;centralArProductCatalog:Online
2449;PISO_TETO_17000_18000:centralArProductCatalog:Staged,PISO_TETO_TRANE:centralArProductCatalog:Staged;centralArProductCatalog:Staged
2449;PISO_TETO_17000_18000:centralArProductCatalog:Online,PISO_TETO_TRANE:centralArProductCatalog:Online;centralArProductCatalog:Online
2459;PISO_TETO_33000_36000:centralArProductCatalog:Staged,PISO_TETO_CARRIER:centralArProductCatalog:Staged;centralArProductCatalog:Staged
2459;PISO_TETO_33000_36000:centralArProductCatalog:Online,PISO_TETO_CARRIER:centralArProductCatalog:Online;centralArProductCatalog:Online
2462;JANELA_7000_8500:centralArProductCatalog:Staged,JANELA_SPRINGER_MIDEA:centralArProductCatalog:Staged;centralArProductCatalog:Staged
2462;JANELA_7000_8500:centralArProductCatalog:Online,JANELA_SPRINGER_MIDEA:centralArProductCatalog:Online;centralArProductCatalog:Online
2467;PISO_TETO_33000_36000:centralArProductCatalog:Staged,PISO_TETO_CARRIER:centralArProductCatalog:Staged;centralArProductCatalog:Staged
2467;PISO_TETO_33000_36000:centralArProductCatalog:Online,PISO_TETO_CARRIER:centralArProductCatalog:Online;centralArProductCatalog:Online
2468;PISO_TETO_33000_36000:centralArProductCatalog:Staged,PISO_TETO_CARRIER:centralArProductCatalog:Staged;centralArProductCatalog:Staged
2468;PISO_TETO_33000_36000:centralArProductCatalog:Online,PISO_TETO_CARRIER:centralArProductCatalog:Online;centralArProductCatalog:Online
2480;PISO_TETO_33000_36000:centralArProductCatalog:Staged,PISO_TETO_CARRIER:centralArProductCatalog:Staged;centralArProductCatalog:Staged
2480;PISO_TETO_33000_36000:centralArProductCatalog:Online,PISO_TETO_CARRIER:centralArProductCatalog:Online;centralArProductCatalog:Online
2482;PISO_TETO_52000_60000:centralArProductCatalog:Staged,PISO_TETO_CARRIER:centralArProductCatalog:Staged;centralArProductCatalog:Staged
2482;PISO_TETO_52000_60000:centralArProductCatalog:Online,PISO_TETO_CARRIER:centralArProductCatalog:Online;centralArProductCatalog:Online
2484;CASSETE_33000_36000:centralArProductCatalog:Staged,CASSETE_CARRIER:centralArProductCatalog:Staged;centralArProductCatalog:Staged
2484;CASSETE_33000_36000:centralArProductCatalog:Online,CASSETE_CARRIER:centralArProductCatalog:Online;centralArProductCatalog:Online
2485;CASSETE_47000_50000:centralArProductCatalog:Staged,CASSETE_CARRIER:centralArProductCatalog:Staged;centralArProductCatalog:Staged
2485;CASSETE_47000_50000:centralArProductCatalog:Online,CASSETE_CARRIER:centralArProductCatalog:Online;centralArProductCatalog:Online
2491;CASSETE_33000_36000:centralArProductCatalog:Staged,CASSETE_CARRIER:centralArProductCatalog:Staged;centralArProductCatalog:Staged
2491;CASSETE_33000_36000:centralArProductCatalog:Online,CASSETE_CARRIER:centralArProductCatalog:Online;centralArProductCatalog:Online
2502;PISO_TETO_33000_36000:centralArProductCatalog:Staged,PISO_TETO_GREE:centralArProductCatalog:Staged;centralArProductCatalog:Staged
2502;PISO_TETO_33000_36000:centralArProductCatalog:Online,PISO_TETO_GREE:centralArProductCatalog:Online;centralArProductCatalog:Online
2503;INVERTER_9000_10500:centralArProductCatalog:Staged,INVERTER_SPRINGER_MIDEA:centralArProductCatalog:Staged;centralArProductCatalog:Staged
2503;INVERTER_9000_10500:centralArProductCatalog:Online,INVERTER_SPRINGER_MIDEA:centralArProductCatalog:Online;centralArProductCatalog:Online
2504;INVERTER_9000_10500:centralArProductCatalog:Staged,INVERTER_SPRINGER_MIDEA:centralArProductCatalog:Staged;centralArProductCatalog:Staged
2504;INVERTER_9000_10500:centralArProductCatalog:Online,INVERTER_SPRINGER_MIDEA:centralArProductCatalog:Online;centralArProductCatalog:Online
2505;INVERTER_11000_12000:centralArProductCatalog:Staged,INVERTER_SPRINGER_MIDEA:centralArProductCatalog:Staged;centralArProductCatalog:Staged
2505;INVERTER_11000_12000:centralArProductCatalog:Online,INVERTER_SPRINGER_MIDEA:centralArProductCatalog:Online;centralArProductCatalog:Online
2506;INVERTER_11000_12000:centralArProductCatalog:Staged,INVERTER_SPRINGER_MIDEA:centralArProductCatalog:Staged;centralArProductCatalog:Staged
2506;INVERTER_11000_12000:centralArProductCatalog:Online,INVERTER_SPRINGER_MIDEA:centralArProductCatalog:Online;centralArProductCatalog:Online
2507;INVERTER_17000_18000:centralArProductCatalog:Staged,INVERTER_SPRINGER_MIDEA:centralArProductCatalog:Staged;centralArProductCatalog:Staged
2507;INVERTER_17000_18000:centralArProductCatalog:Online,INVERTER_SPRINGER_MIDEA:centralArProductCatalog:Online;centralArProductCatalog:Online
2508;INVERTER_17000_18000:centralArProductCatalog:Staged,INVERTER_SPRINGER_MIDEA:centralArProductCatalog:Staged;centralArProductCatalog:Staged
2508;INVERTER_17000_18000:centralArProductCatalog:Online,INVERTER_SPRINGER_MIDEA:centralArProductCatalog:Online;centralArProductCatalog:Online
2509;INVERTER_22000_24000:centralArProductCatalog:Staged,INVERTER_SPRINGER_MIDEA:centralArProductCatalog:Staged;centralArProductCatalog:Staged
2509;INVERTER_22000_24000:centralArProductCatalog:Online,INVERTER_SPRINGER_MIDEA:centralArProductCatalog:Online;centralArProductCatalog:Online
2510;INVERTER_22000_24000:centralArProductCatalog:Staged,INVERTER_SPRINGER_MIDEA:centralArProductCatalog:Staged;centralArProductCatalog:Staged
2510;INVERTER_22000_24000:centralArProductCatalog:Online,INVERTER_SPRINGER_MIDEA:centralArProductCatalog:Online;centralArProductCatalog:Online
2512;CASSETE_33000_36000:centralArProductCatalog:Staged,CASSETE_CARRIER:centralArProductCatalog:Staged;centralArProductCatalog:Staged
2512;CASSETE_33000_36000:centralArProductCatalog:Online,CASSETE_CARRIER:centralArProductCatalog:Online;centralArProductCatalog:Online
2513;CORTINA_DE_AR_90CM:centralArProductCatalog:Staged,CORTINA_DE_AR_ELGIN:centralArProductCatalog:Staged;centralArProductCatalog:Staged
2513;CORTINA_DE_AR_90CM:centralArProductCatalog:Online,CORTINA_DE_AR_ELGIN:centralArProductCatalog:Online;centralArProductCatalog:Online
2514;CORTINA_DE_AR_120CM:centralArProductCatalog:Staged,CORTINA_DE_AR_ELGIN:centralArProductCatalog:Staged;centralArProductCatalog:Staged
2514;CORTINA_DE_AR_120CM:centralArProductCatalog:Online,CORTINA_DE_AR_ELGIN:centralArProductCatalog:Online;centralArProductCatalog:Online
2515;CORTINA_DE_AR_150CM:centralArProductCatalog:Staged,CORTINA_DE_AR_ELGIN:centralArProductCatalog:Staged;centralArProductCatalog:Staged
2515;CORTINA_DE_AR_150CM:centralArProductCatalog:Online,CORTINA_DE_AR_ELGIN:centralArProductCatalog:Online;centralArProductCatalog:Online
2540;INVERTER_17000_18000:centralArProductCatalog:Staged,INVERTER_AGRATTO:centralArProductCatalog:Staged;centralArProductCatalog:Staged
2540;INVERTER_17000_18000:centralArProductCatalog:Online,INVERTER_AGRATTO:centralArProductCatalog:Online;centralArProductCatalog:Online
2542;INVERTER_11000_12000:centralArProductCatalog:Staged,INVERTER_AGRATTO:centralArProductCatalog:Staged;centralArProductCatalog:Staged
2542;INVERTER_11000_12000:centralArProductCatalog:Online,INVERTER_AGRATTO:centralArProductCatalog:Online;centralArProductCatalog:Online
2543;INVERTER_11000_12000:centralArProductCatalog:Staged,INVERTER_AGRATTO:centralArProductCatalog:Staged;centralArProductCatalog:Staged
2543;INVERTER_11000_12000:centralArProductCatalog:Online,INVERTER_AGRATTO:centralArProductCatalog:Online;centralArProductCatalog:Online
2544;INVERTER_9000_10500:centralArProductCatalog:Staged,INVERTER_AGRATTO:centralArProductCatalog:Staged;centralArProductCatalog:Staged
2544;INVERTER_9000_10500:centralArProductCatalog:Online,INVERTER_AGRATTO:centralArProductCatalog:Online;centralArProductCatalog:Online
2545;INVERTER_9000_10500:centralArProductCatalog:Staged,INVERTER_AGRATTO:centralArProductCatalog:Staged;centralArProductCatalog:Staged
2545;INVERTER_9000_10500:centralArProductCatalog:Online,INVERTER_AGRATTO:centralArProductCatalog:Online;centralArProductCatalog:Online
2552;INVERTER_27000_32000:centralArProductCatalog:Staged,INVERTER_GREE:centralArProductCatalog:Staged;centralArProductCatalog:Staged
2552;INVERTER_27000_32000:centralArProductCatalog:Online,INVERTER_GREE:centralArProductCatalog:Online;centralArProductCatalog:Online
2553;INVERTER_27000_32000:centralArProductCatalog:Staged,INVERTER_GREE:centralArProductCatalog:Staged;centralArProductCatalog:Staged
2553;INVERTER_27000_32000:centralArProductCatalog:Online,INVERTER_GREE:centralArProductCatalog:Online;centralArProductCatalog:Online
2554;INVERTER_22000_24000:centralArProductCatalog:Staged,INVERTER_AGRATTO:centralArProductCatalog:Staged;centralArProductCatalog:Staged
2554;INVERTER_22000_24000:centralArProductCatalog:Online,INVERTER_AGRATTO:centralArProductCatalog:Online;centralArProductCatalog:Online
2556;INVERTER_17000_18000:centralArProductCatalog:Staged,INVERTER_AGRATTO:centralArProductCatalog:Staged;centralArProductCatalog:Staged
2556;INVERTER_17000_18000:centralArProductCatalog:Online,INVERTER_AGRATTO:centralArProductCatalog:Online;centralArProductCatalog:Online
2100;CASSETE_52000_60000:centralArProductCatalog:Staged,CASSETE_TRANE:centralArProductCatalog:Staged;centralArProductCatalog:Staged
2100;CASSETE_52000_60000:centralArProductCatalog:Online,CASSETE_TRANE:centralArProductCatalog:Online;centralArProductCatalog:Online
2116;PISO_TETO_80000:centralArProductCatalog:Staged,PISO_TETO_CARRIER:centralArProductCatalog:Staged;centralArProductCatalog:Staged
2116;PISO_TETO_80000:centralArProductCatalog:Online,PISO_TETO_CARRIER:centralArProductCatalog:Online;centralArProductCatalog:Online
2382;PISO_TETO_42000_46000:centralArProductCatalog:Staged,PISO_TETO_CARRIER:centralArProductCatalog:Staged;centralArProductCatalog:Staged
2382;PISO_TETO_42000_46000:centralArProductCatalog:Online,PISO_TETO_CARRIER:centralArProductCatalog:Online;centralArProductCatalog:Online
2384;PISO_TETO_42000_46000:centralArProductCatalog:Staged,PISO_TETO_CARRIER:centralArProductCatalog:Staged;centralArProductCatalog:Staged
2384;PISO_TETO_42000_46000:centralArProductCatalog:Online,PISO_TETO_CARRIER:centralArProductCatalog:Online;centralArProductCatalog:Online
2475;PISO_TETO_52000_60000:centralArProductCatalog:Staged,PISO_TETO_CARRIER:centralArProductCatalog:Staged;centralArProductCatalog:Staged
2475;PISO_TETO_52000_60000:centralArProductCatalog:Online,PISO_TETO_CARRIER:centralArProductCatalog:Online;centralArProductCatalog:Online
2476;PISO_TETO_52000_60000:centralArProductCatalog:Staged,PISO_TETO_CARRIER:centralArProductCatalog:Staged;centralArProductCatalog:Staged
2476;PISO_TETO_52000_60000:centralArProductCatalog:Online,PISO_TETO_CARRIER:centralArProductCatalog:Online;centralArProductCatalog:Online
2496;CASSETE_52000_60000:centralArProductCatalog:Staged,CASSETE_CARRIER:centralArProductCatalog:Staged;centralArProductCatalog:Staged
2496;CASSETE_52000_60000:centralArProductCatalog:Online,CASSETE_CARRIER:centralArProductCatalog:Online;centralArProductCatalog:Online
2500;CASSETE_42000_46000:centralArProductCatalog:Staged,CASSETE_CARRIER:centralArProductCatalog:Staged;centralArProductCatalog:Staged
2500;CASSETE_42000_46000:centralArProductCatalog:Online,CASSETE_CARRIER:centralArProductCatalog:Online;centralArProductCatalog:Online
2383;PISO_TETO_42000_46000:centralArProductCatalog:Staged,PISO_TETO_CARRIER:centralArProductCatalog:Staged;centralArProductCatalog:Staged
2383;PISO_TETO_42000_46000:centralArProductCatalog:Online,PISO_TETO_CARRIER:centralArProductCatalog:Online;centralArProductCatalog:Online
2404;PISO_TETO_80000:centralArProductCatalog:Staged,PISO_TETO_CARRIER:centralArProductCatalog:Staged;centralArProductCatalog:Staged
2404;PISO_TETO_80000:centralArProductCatalog:Online,PISO_TETO_CARRIER:centralArProductCatalog:Online;centralArProductCatalog:Online
2430;PISO_TETO_52000_60000:centralArProductCatalog:Staged,PISO_TETO_SPRINGER:centralArProductCatalog:Staged;centralArProductCatalog:Staged
2430;PISO_TETO_52000_60000:centralArProductCatalog:Online,PISO_TETO_SPRINGER:centralArProductCatalog:Online;centralArProductCatalog:Online
2473;PISO_TETO_42000_46000:centralArProductCatalog:Staged,PISO_TETO_CARRIER:centralArProductCatalog:Staged;centralArProductCatalog:Staged
2473;PISO_TETO_42000_46000:centralArProductCatalog:Online,PISO_TETO_CARRIER:centralArProductCatalog:Online;centralArProductCatalog:Online
2474;PISO_TETO_42000_46000:centralArProductCatalog:Staged,PISO_TETO_CARRIER:centralArProductCatalog:Staged;centralArProductCatalog:Staged
2474;PISO_TETO_42000_46000:centralArProductCatalog:Online,PISO_TETO_CARRIER:centralArProductCatalog:Online;centralArProductCatalog:Online
2477;PISO_TETO_52000_60000:centralArProductCatalog:Staged,PISO_TETO_CARRIER:centralArProductCatalog:Staged;centralArProductCatalog:Staged
2477;PISO_TETO_52000_60000:centralArProductCatalog:Online,PISO_TETO_CARRIER:centralArProductCatalog:Online;centralArProductCatalog:Online
2494;CASSETE_42000_46000:centralArProductCatalog:Staged,CASSETE_CARRIER:centralArProductCatalog:Staged;centralArProductCatalog:Staged
2494;CASSETE_42000_46000:centralArProductCatalog:Online,CASSETE_CARRIER:centralArProductCatalog:Online;centralArProductCatalog:Online
2495;CASSETE_42000_46000:centralArProductCatalog:Staged,CASSETE_CARRIER:centralArProductCatalog:Staged;centralArProductCatalog:Staged
2495;CASSETE_42000_46000:centralArProductCatalog:Online,CASSETE_CARRIER:centralArProductCatalog:Online;centralArProductCatalog:Online
2498;CASSETE_52000_60000:centralArProductCatalog:Staged,CASSETE_CARRIER:centralArProductCatalog:Staged;centralArProductCatalog:Staged
2498;CASSETE_52000_60000:centralArProductCatalog:Online,CASSETE_CARRIER:centralArProductCatalog:Online;centralArProductCatalog:Online
